{"cameraMode":{"drawMode":0,"name":"Shaded","section":"Shading Mode"},"sceneLighting":true,"audioPlay":false,"sceneViewState":{"showFog":false,"showMaterialUpdate":false,"showSkybox":false,"showFlares":false,"showImageEffects":false,"showParticleSystems":true},"in2DMode":false,"pivot":{"x":-8.300000190734864,"y":17.700000762939454,"z":16.799999237060548},"rotation":{"x":-0.12471702694892883,"y":0.8695520758628845,"z":-0.3870774507522583,"w":-0.28017139434814455},"size":32.694095611572269,"orthographic":false}