{"cameraMode":{"drawMode":0,"name":"Shaded","section":"Shading Mode"},"sceneLighting":true,"audioPlay":false,"sceneViewState":{"showFog":false,"showMaterialUpdate":false,"showSkybox":false,"showFlares":false,"showImageEffects":false,"showParticleSystems":true},"in2DMode":false,"pivot":{"x":-13.664999961853028,"y":1.0,"z":-18.322999954223634},"rotation":{"x":-0.12471702694892883,"y":0.8695520758628845,"z":-0.3870774507522583,"w":-0.28017139434814455},"size":22.004100799560548,"orthographic":false}